Dificultad,Puntuacion
media,1.4060392379760742
facil,26.71428918838501
media,7.259825706481934
dificil,383.300669670105
dificil,1262.404726266861
facil,5.754822015762329
facil,14.746820211410522
